<?xml version="1.0" encoding="UTF-8"?><process version="10.1.001">
  <context>
    <input/>
    <output/>
    <macros/>
  </context>
  <operator activated="true" class="process" compatibility="10.1.001" expanded="true" name="Process">
    <parameter key="logverbosity" value="init"/>
    <parameter key="random_seed" value="2001"/>
    <parameter key="send_mail" value="never"/>
    <parameter key="notification_email" value=""/>
    <parameter key="process_duration_for_mail" value="30"/>
    <parameter key="encoding" value="SYSTEM"/>
    <process expanded="true">
      <operator activated="true" class="set_role" compatibility="10.1.001" expanded="true" height="82" name="Set Role" width="90" x="179" y="85">
        <parameter key="attribute_name" value="movieId"/>
        <parameter key="target_role" value="item identification"/>
        <list key="set_additional_roles">
          <parameter key="userId" value="user identification"/>
        </list>
      </operator>
      <portSpacing port="source_input 1" spacing="0"/>
      <portSpacing port="sink_result 1" spacing="0"/>
    </process>
  </operator>
</process>
